[
    {
        "id": "Sunspear",
        "pos": [
            80,
            200
        ],
        "layout": 5,
        "signalLayout": 2
    },
    {
        "id": "Sandship",
        "pos": [
            360,
            600
        ],
        "layout": 5,
        "signalLayout": 2
    },
    {
        "id": "Desert_Mirage",
        "pos": [
            750,
            800
        ],
        "layout": 5,
        "signalLayout": 2
    },
    {
        "id": "CWater_Gardens",
        "pos": [
            900,
            500
        ],
        "layout": 6,
        "signalLayout": 1,
        "labelPos": [
            -70,
            -10
        ]
    },
    {
        "id": "Oasis_Outlook",
        "pos": [
            1250,
            400
        ],
        "layout": 5,
        "signalLayout": 2
    },
    {
        "id": "CSunspear_Sunset",
        "pos": [
            1550,
            430
        ],
        "layout": 6,
        "signalLayout": 0,
        "labelPos": [
            -70,
            -60
        ]
    },
    {
        "id": "Sunspear_Sunset",
        "pos": [
            1100,
            450
        ],
        "layout": 5,
        "signalLayout": 3
    },
    {
        "id": "Desert_Rose",
        "pos": [
            850,
            850
        ],
        "layout": 5,
        "signalLayout": 3
    },
    {
        "id": "Dorne_Delight",
        "pos": [
            430,
            650
        ],
        "layout": 5,
        "signalLayout": 3
    },
    {
        "id": "White_Harbor",
        "pos": [
            50,
            450
        ],
        "layout": 6,
        "signalLayout": 1,
        "labelPos": [
            20,
            -10
        ]
    }
]