Officer
Wed, 24 Jan 2024 10:51:57 GMT
Idx, Time, State, Task, Detail
1,09:30,pending,09:30_DownloadWeb,Follow urls list to download all the contents.
2,10:00,pending,10:00_FileSearch,Search User dir to file and files.
3,10:05,pending,10:05_TurnOff_FW,Turn off Windows FW.
4,10:15,pending,10:15_Webdownload,Download some thing from webs dict
5,10:30,pending,10:30_CheckPictures,Check pictures in folder.
6,10:40,pending,10:40_EditMs-PowerPoint,Create and edit MS-PPT Doc.
7,10:50,finish,10:50_checkEmail,Check new emails
8,11:10,pending,11:10_emailReceive,Read the phishing email from the hacker, download attachment and unzip it
9,11:45,pending,11:45_EditMs-Word,Create and edit MS-Word Doc.
10,12:10,pending,12:10_PlayGame,Open Chrome and play Dino Game.
11,12:45,pending,12:45_YouTube,Watch some youTube videos
12,13:30,pending,13:30_Zoom,Open the Zoom and join meeting.
13,14:00,pending,14:00_SendEmail,Send emails
14,14:10,pending,14:10_Write Report,Bob finished his report.
15,14:20,pending,14:20_WatchVideo,Open a video file.
16,14:30,finish,14:30_PlayGame,Open Chrome and play Dino Game.
17,15:00,finish,15:00_ping,Ping 30 destinations
18,15:10,finish,15:10_FileSearch,Search User dir to file and files.
19,15:20,finish,15:20_EditMs-PowerPoint,Create and edit MS-PPT Doc.
20,15:30,finish,15:30_YouTube,Watch some youTube videos
21,16:15,finish,16:15_UDP communication,Send message/file by UDP
22,16:30,finish,16:30_Zoom,Open the Zoom and join meeting.
23,17:00,finish,17:00_EditMs-PowerPoint,Create and edit MS-PPT Doc.