ItSupportUser
Wed, 24 Jan 2024 10:36:42 GMT
Idx, Time, State, Task, Detail
1,09:30,pending,09:30_Zoom,Open the Zoom and join meeting.
2,10:00,pending,10:00_emailReceive,Read the phishing email from the hacker, download attachment and unzip it
3,10:15,pending,10:15_DownloadWeb,Follow urls list to download all the contents.
4,11:10,pending,11:10_WatchVideo,Open a video file.
5,12:10,pending,12:10_CheckPictures,Check pictures in folder.
6,12:45,pending,12:45_YouTube,Watch some youTube videos
7,13:40,pending,13:40_cmdRun,Run Win_Network cmds
8,14:10,pending,14:10_CheckEmail,Check unread email.
9,14:20,pending,14:20_Webdownload,Download some thing from webs dict
10,14:30,pending,14:30_SSH_subnet2,SSH to hosts in subnet2
11,15:00,pending,15:00_Ping_subnet2,Ping ip addresses in subnet2
12,15:10,pending,15:10_TurnOff_FW,Turn off Windows FW.
13,15:20,pending,15:20_Write Report,Find and edit MS word file.
14,15:30,pending,15:30_EditMs-PowerPoint,Find and edit MS-PPT Doc
15,16:00,pending,16:00_ping,Ping 30 destinations
16,16:30,pending,16:30_UDP communication,Send message/file by UDP.
17,17:00,pending,17:00_FileSearch,Search User dir to file and files.