[
    {
        "id": "Tuas_Link",
        "pos": [
            130,
            100
        ]
    },
    {
        "id": "Jurong_East",
        "pos": [
            330,
            100
        ]
    },
    {
        "id": "Outram_Park",
        "pos": [
            530,
            100
        ]
    },
    {
        "id": "City_Hall",
        "pos": [
            900,
            500
        ]
    },
    {
        "id": "Paya_Lebar",
        "pos": [
            1250,
            400
        ]
    },
    {
        "id": "Changi_Airport",
        "pos": [
            1550,
            430
        ]
    },
    {
        "id": "Lavender",
        "pos": [
            1100,
            450
        ]
    },
    {
        "id": "Raffles_Place",
        "pos": [
            850,
            850
        ]
    },
    {
        "id": "Clementi",
        "pos": [
            430,
            650
        ]
    },
    {
        "id": "Boon_Lay",
        "pos": [
            50,
            450
        ]
    }
]